"INVENTORY DETAIL REPORTBilling Code :  CUS529Selected ProductsZero Balances SuppressedSort By Owner NameThen By Product DescriptionUnits By Unit ID","Date  :   08/23/2024","Time :    3:16PM(UTC-08:00) Pacific Time US & Canada","ProductVersion","ExpirationDate","Unit ID","Unit Locations","ContainerType","Number ofContainers","LoosePieces","On Hand","Marked","Available","Job 1: ","Owner :  CUS529 - Resideo","Unique ID :  36123","Product ID : ","WV8840C1605/P","Description: WATER HEATER GAS VALVE FOR RHEEM ",,,106574,"East * E04 * 35 * B4 ","Carton",0,300,300,0,300,"*","87 Units",0,"26,100","26,100",0,"26,100","**OWNER TOTALS: ","1 Unit",0,300,300,0,300,"Page -1 of 1","* Denotes Unavailable Units"
"INVENTORY DETAIL REPORTBilling Code :  CUS529Selected ProductsZero Balances SuppressedSort By Owner NameThen By Product DescriptionUnits By Unit ID","Date  :   08/23/2024","Time :    3:16PM(UTC-08:00) Pacific Time US & Canada","ProductVersion","ExpirationDate","Unit ID","Unit Locations","ContainerType","Number ofContainers","LoosePieces","On Hand","Marked","Available","Job 1: ","Owner :  CUS529 - Resideo","Unique ID :  36123","Product ID : ","WV8840C1605/P","Description: WATER HEATER GAS VALVE FOR RHEEM ",,,106575,"East * E04 * 36 * B1 ","Carton",0,300,300,0,300,"*","87 Units",0,"26,100","26,100",0,"26,100","**OWNER TOTALS: ","2 Units",0,600,600,0,600,"Page -1 of 1","* Denotes Unavailable Units"
"INVENTORY DETAIL REPORTBilling Code :  CUS529Selected ProductsZero Balances SuppressedSort By Owner NameThen By Product DescriptionUnits By Unit ID","Date  :   08/23/2024","Time :    3:16PM(UTC-08:00) Pacific Time US & Canada","ProductVersion","ExpirationDate","Unit ID","Unit Locations","ContainerType","Number ofContainers","LoosePieces","On Hand","Marked","Available","Job 1: ","Owner :  CUS529 - Resideo","Unique ID :  36123","Product ID : ","WV8840C1605/P","Description: WATER HEATER GAS VALVE FOR RHEEM ",,,106576,"East * E04 * 37 * B4 ","Carton",0,300,300,0,300,"*","87 Units",0,"26,100","26,100",0,"26,100","**OWNER TOTALS: ","3 Units",0,900,900,0,900,"Page -1 of 1","* Denotes Unavailable Units"
"INVENTORY DETAIL REPORTBilling Code :  CUS529Selected ProductsZero Balances SuppressedSort By Owner NameThen By Product DescriptionUnits By Unit ID","Date  :   08/23/2024","Time :    3:16PM(UTC-08:00) Pacific Time US & Canada","ProductVersion","ExpirationDate","Unit ID","Unit Locations","ContainerType","Number ofContainers","LoosePieces","On Hand","Marked","Available","Job 1: ","Owner :  CUS529 - Resideo","Unique ID :  36123","Product ID : ","WV8840C1605/P","Description: WATER HEATER GAS VALVE FOR RHEEM ",,,106577,"East * E04 * 38 * B4 ","Carton",0,300,300,0,300,"*","87 Units",0,"26,100","26,100",0,"26,100","**OWNER TOTALS: ","4 Units",0,"1,200","1,200",0,"1,200","Page -1 of 1","* Denotes Unavailable Units"
"INVENTORY DETAIL REPORTBilling Code :  CUS529Selected ProductsZero Balances SuppressedSort By Owner NameThen By Product DescriptionUnits By Unit ID","Date  :   08/23/2024","Time :    3:16PM(UTC-08:00) Pacific Time US & Canada","ProductVersion","ExpirationDate","Unit ID","Unit Locations","ContainerType","Number ofContainers","LoosePieces","On Hand","Marked","Available","Job 1: ","Owner :  CUS529 - Resideo","Unique ID :  36123","Product ID : ","WV8840C1605/P","Description: WATER HEATER GAS VALVE FOR RHEEM ",,,106578,"East * E04 * 39 * B3 ","Carton",0,300,300,0,300,"*","87 Units",0,"26,100","26,100",0,"26,100","**OWNER TOTALS: ","5 Units",0,"1,500","1,500",0,"1,500","Page -1 of 1","* Denotes Unavailable Units"
"INVENTORY DETAIL REPORTBilling Code :  CUS529Selected ProductsZero Balances SuppressedSort By Owner NameThen By Product DescriptionUnits By Unit ID","Date  :   08/23/2024","Time :    3:16PM(UTC-08:00) Pacific Time US & Canada","ProductVersion","ExpirationDate","Unit ID","Unit Locations","ContainerType","Number ofContainers","LoosePieces","On Hand","Marked","Available","Job 1: ","Owner :  CUS529 - Resideo","Unique ID :  36123","Product ID : ","WV8840C1605/P","Description: WATER HEATER GAS VALVE FOR RHEEM ",,,106579,"East * E04 * 40 * B2 ","Carton",0,300,300,0,300,"*","87 Units",0,"26,100","26,100",0,"26,100","**OWNER TOTALS: ","6 Units",0,"1,800","1,800",0,"1,800","Page -1 of 1","* Denotes Unavailable Units"
"INVENTORY DETAIL REPORTBilling Code :  CUS529Selected ProductsZero Balances SuppressedSort By Owner NameThen By Product DescriptionUnits By Unit ID","Date  :   08/23/2024","Time :    3:16PM(UTC-08:00) Pacific Time US & Canada","ProductVersion","ExpirationDate","Unit ID","Unit Locations","ContainerType","Number ofContainers","LoosePieces","On Hand","Marked","Available","Job 1: ","Owner :  CUS529 - Resideo","Unique ID :  36123","Product ID : ","WV8840C1605/P","Description: WATER HEATER GAS VALVE FOR RHEEM ",,,106580,"East * E04 * 40 * B4 ","Carton",0,300,300,0,300,"*","87 Units",0,"26,100","26,100",0,"26,100","**OWNER TOTALS: ","7 Units",0,"2,100","2,100",0,"2,100","Page -1 of 1","* Denotes Unavailable Units"
"INVENTORY DETAIL REPORTBilling Code :  CUS529Selected ProductsZero Balances SuppressedSort By Owner NameThen By Product DescriptionUnits By Unit ID","Date  :   08/23/2024","Time :    3:16PM(UTC-08:00) Pacific Time US & Canada","ProductVersion","ExpirationDate","Unit ID","Unit Locations","ContainerType","Number ofContainers","LoosePieces","On Hand","Marked","Available","Job 1: ","Owner :  CUS529 - Resideo","Unique ID :  36123","Product ID : ","WV8840C1605/P","Description: WATER HEATER GAS VALVE FOR RHEEM ",,,106581,"East * E04 * 41 * B3 ","Carton",0,300,300,0,300,"*","87 Units",0,"26,100","26,100",0,"26,100","**OWNER TOTALS: ","8 Units",0,"2,400","2,400",0,"2,400","Page -1 of 1","* Denotes Unavailable Units"
"INVENTORY DETAIL REPORTBilling Code :  CUS529Selected ProductsZero Balances SuppressedSort By Owner NameThen By Product DescriptionUnits By Unit ID","Date  :   08/23/2024","Time :    3:16PM(UTC-08:00) Pacific Time US & Canada","ProductVersion","ExpirationDate","Unit ID","Unit Locations","ContainerType","Number ofContainers","LoosePieces","On Hand","Marked","Available","Job 1: ","Owner :  CUS529 - Resideo","Unique ID :  36123","Product ID : ","WV8840C1605/P","Description: WATER HEATER GAS VALVE FOR RHEEM ",,,106582,"East * E04 * 43 * B3 ","Carton",0,300,300,0,300,"*","87 Units",0,"26,100","26,100",0,"26,100","**OWNER TOTALS: ","9 Units",0,"2,700","2,700",0,"2,700","Page -1 of 1","* Denotes Unavailable Units"
"INVENTORY DETAIL REPORTBilling Code :  CUS529Selected ProductsZero Balances SuppressedSort By Owner NameThen By Product DescriptionUnits By Unit ID","Date  :   08/23/2024","Time :    3:16PM(UTC-08:00) Pacific Time US & Canada","ProductVersion","ExpirationDate","Unit ID","Unit Locations","ContainerType","Number ofContainers","LoosePieces","On Hand","Marked","Available","Job 1: ","Owner :  CUS529 - Resideo","Unique ID :  36123","Product ID : ","WV8840C1605/P","Description: WATER HEATER GAS VALVE FOR RHEEM ",,,106583,"East * E04 * 01 * C3 ","Carton",0,300,300,0,300,"*","87 Units",0,"26,100","26,100",0,"26,100","**OWNER TOTALS: ","10 Units",0,"3,000","3,000",0,"3,000","Page -1 of 1","* Denotes Unavailable Units"
"INVENTORY DETAIL REPORTBilling Code :  CUS529Selected ProductsZero Balances SuppressedSort By Owner NameThen By Product DescriptionUnits By Unit ID","Date  :   08/23/2024","Time :    3:16PM(UTC-08:00) Pacific Time US & Canada","ProductVersion","ExpirationDate","Unit ID","Unit Locations","ContainerType","Number ofContainers","LoosePieces","On Hand","Marked","Available","Job 1: ","Owner :  CUS529 - Resideo","Unique ID :  36123","Product ID : ","WV8840C1605/P","Description: WATER HEATER GAS VALVE FOR RHEEM ",,,106584,"East * E04 * 03 * C4 ","Carton",0,300,300,0,300,"*","87 Units",0,"26,100","26,100",0,"26,100","**OWNER TOTALS: ","11 Units",0,"3,300","3,300",0,"3,300","Page -1 of 1","* Denotes Unavailable Units"
"INVENTORY DETAIL REPORTBilling Code :  CUS529Selected ProductsZero Balances SuppressedSort By Owner NameThen By Product DescriptionUnits By Unit ID","Date  :   08/23/2024","Time :    3:16PM(UTC-08:00) Pacific Time US & Canada","ProductVersion","ExpirationDate","Unit ID","Unit Locations","ContainerType","Number ofContainers","LoosePieces","On Hand","Marked","Available","Job 1: ","Owner :  CUS529 - Resideo","Unique ID :  36123","Product ID : ","WV8840C1605/P","Description: WATER HEATER GAS VALVE FOR RHEEM ",,,106585,"East * E04 * 05 * C3 ","Carton",0,300,300,0,300,"*","87 Units",0,"26,100","26,100",0,"26,100","**OWNER TOTALS: ","12 Units",0,"3,600","3,600",0,"3,600","Page -1 of 1","* Denotes Unavailable Units"
"INVENTORY DETAIL REPORTBilling Code :  CUS529Selected ProductsZero Balances SuppressedSort By Owner NameThen By Product DescriptionUnits By Unit ID","Date  :   08/23/2024","Time :    3:16PM(UTC-08:00) Pacific Time US & Canada","ProductVersion","ExpirationDate","Unit ID","Unit Locations","ContainerType","Number ofContainers","LoosePieces","On Hand","Marked","Available","Job 1: ","Owner :  CUS529 - Resideo","Unique ID :  36123","Product ID : ","WV8840C1605/P","Description: WATER HEATER GAS VALVE FOR RHEEM ",,,106586,"East * E04 * 06 * C3 ","Carton",0,300,300,0,300,"*","87 Units",0,"26,100","26,100",0,"26,100","**OWNER TOTALS: ","13 Units",0,"3,900","3,900",0,"3,900","Page -1 of 1","* Denotes Unavailable Units"
"INVENTORY DETAIL REPORTBilling Code :  CUS529Selected ProductsZero Balances SuppressedSort By Owner NameThen By Product DescriptionUnits By Unit ID","Date  :   08/23/2024","Time :    3:16PM(UTC-08:00) Pacific Time US & Canada","ProductVersion","ExpirationDate","Unit ID","Unit Locations","ContainerType","Number ofContainers","LoosePieces","On Hand","Marked","Available","Job 1: ","Owner :  CUS529 - Resideo","Unique ID :  36123","Product ID : ","WV8840C1605/P","Description: WATER HEATER GAS VALVE FOR RHEEM ",,,106587,"East * E04 * 06 * C4 ","Carton",0,300,300,0,300,"*","87 Units",0,"26,100","26,100",0,"26,100","**OWNER TOTALS: ","14 Units",0,"4,200","4,200",0,"4,200","Page -1 of 1","* Denotes Unavailable Units"
"INVENTORY DETAIL REPORTBilling Code :  CUS529Selected ProductsZero Balances SuppressedSort By Owner NameThen By Product DescriptionUnits By Unit ID","Date  :   08/23/2024","Time :    3:16PM(UTC-08:00) Pacific Time US & Canada","ProductVersion","ExpirationDate","Unit ID","Unit Locations","ContainerType","Number ofContainers","LoosePieces","On Hand","Marked","Available","Job 1: ","Owner :  CUS529 - Resideo","Unique ID :  36123","Product ID : ","WV8840C1605/P","Description: WATER HEATER GAS VALVE FOR RHEEM ",,,106723,"East * E01 * 19 * D1 ","Carton",0,300,300,0,300,"*","87 Units",0,"26,100","26,100",0,"26,100","**OWNER TOTALS: ","15 Units",0,"4,500","4,500",0,"4,500","Page -1 of 1","* Denotes Unavailable Units"
"INVENTORY DETAIL REPORTBilling Code :  CUS529Selected ProductsZero Balances SuppressedSort By Owner NameThen By Product DescriptionUnits By Unit ID","Date  :   08/23/2024","Time :    3:16PM(UTC-08:00) Pacific Time US & Canada","ProductVersion","ExpirationDate","Unit ID","Unit Locations","ContainerType","Number ofContainers","LoosePieces","On Hand","Marked","Available","Job 1: ","Owner :  CUS529 - Resideo","Unique ID :  36123","Product ID : ","WV8840C1605/P","Description: WATER HEATER GAS VALVE FOR RHEEM ",,,106724,"East * E01 * 33 * D2 ","Carton",0,300,300,0,300,"*","87 Units",0,"26,100","26,100",0,"26,100","**OWNER TOTALS: ","16 Units",0,"4,800","4,800",0,"4,800","Page -1 of 1","* Denotes Unavailable Units"
"INVENTORY DETAIL REPORTBilling Code :  CUS529Selected ProductsZero Balances SuppressedSort By Owner NameThen By Product DescriptionUnits By Unit ID","Date  :   08/23/2024","Time :    3:16PM(UTC-08:00) Pacific Time US & Canada","ProductVersion","ExpirationDate","Unit ID","Unit Locations","ContainerType","Number ofContainers","LoosePieces","On Hand","Marked","Available","Job 1: ","Owner :  CUS529 - Resideo","Unique ID :  36123","Product ID : ","WV8840C1605/P","Description: WATER HEATER GAS VALVE FOR RHEEM ",,,106725,"East * E01 * 34 * D1 ","Carton",0,300,300,0,300,"*","87 Units",0,"26,100","26,100",0,"26,100","**OWNER TOTALS: ","17 Units",0,"5,100","5,100",0,"5,100","Page -1 of 1","* Denotes Unavailable Units"
"INVENTORY DETAIL REPORTBilling Code :  CUS529Selected ProductsZero Balances SuppressedSort By Owner NameThen By Product DescriptionUnits By Unit ID","Date  :   08/23/2024","Time :    3:16PM(UTC-08:00) Pacific Time US & Canada","ProductVersion","ExpirationDate","Unit ID","Unit Locations","ContainerType","Number ofContainers","LoosePieces","On Hand","Marked","Available","Job 1: ","Owner :  CUS529 - Resideo","Unique ID :  36123","Product ID : ","WV8840C1605/P","Description: WATER HEATER GAS VALVE FOR RHEEM ",,,107291,"West * 06 * 04 * D1 ","Carton",0,300,300,0,300,"*","87 Units",0,"26,100","26,100",0,"26,100","**OWNER TOTALS: ","18 Units",0,"5,400","5,400",0,"5,400","Page -1 of 1","* Denotes Unavailable Units"
"INVENTORY DETAIL REPORTBilling Code :  CUS529Selected ProductsZero Balances SuppressedSort By Owner NameThen By Product DescriptionUnits By Unit ID","Date  :   08/23/2024","Time :    3:16PM(UTC-08:00) Pacific Time US & Canada","ProductVersion","ExpirationDate","Unit ID","Unit Locations","ContainerType","Number ofContainers","LoosePieces","On Hand","Marked","Available","Job 1: ","Owner :  CUS529 - Resideo","Unique ID :  36123","Product ID : ","WV8840C1605/P","Description: WATER HEATER GAS VALVE FOR RHEEM ",,,107292,"East * E04 * 01 * D4 ","Carton",0,300,300,0,300,"*","87 Units",0,"26,100","26,100",0,"26,100","**OWNER TOTALS: ","19 Units",0,"5,700","5,700",0,"5,700","Page -1 of 1","* Denotes Unavailable Units"
"INVENTORY DETAIL REPORTBilling Code :  CUS529Selected ProductsZero Balances SuppressedSort By Owner NameThen By Product DescriptionUnits By Unit ID","Date  :   08/23/2024","Time :    3:16PM(UTC-08:00) Pacific Time US & Canada","ProductVersion","ExpirationDate","Unit ID","Unit Locations","ContainerType","Number ofContainers","LoosePieces","On Hand","Marked","Available","Job 1: ","Owner :  CUS529 - Resideo","Unique ID :  36123","Product ID : ","WV8840C1605/P","Description: WATER HEATER GAS VALVE FOR RHEEM ",,,107293,"West * 06 * 04 * B3 ","Carton",0,300,300,0,300,"*","87 Units",0,"26,100","26,100",0,"26,100","**OWNER TOTALS: ","20 Units",0,"6,000","6,000",0,"6,000","Page -1 of 1","* Denotes Unavailable Units"
"INVENTORY DETAIL REPORTBilling Code :  CUS529Selected ProductsZero Balances SuppressedSort By Owner NameThen By Product DescriptionUnits By Unit ID","Date  :   08/23/2024","Time :    3:16PM(UTC-08:00) Pacific Time US & Canada","ProductVersion","ExpirationDate","Unit ID","Unit Locations","ContainerType","Number ofContainers","LoosePieces","On Hand","Marked","Available","Job 1: ","Owner :  CUS529 - Resideo","Unique ID :  36123","Product ID : ","WV8840C1605/P","Description: WATER HEATER GAS VALVE FOR RHEEM ",,,107294,"East * E03 * 06 * B4 ","Carton",0,300,300,0,300,"*","87 Units",0,"26,100","26,100",0,"26,100","**OWNER TOTALS: ","21 Units",0,"6,300","6,300",0,"6,300","Page -1 of 1","* Denotes Unavailable Units"
"INVENTORY DETAIL REPORTBilling Code :  CUS529Selected ProductsZero Balances SuppressedSort By Owner NameThen By Product DescriptionUnits By Unit ID","Date  :   08/23/2024","Time :    3:16PM(UTC-08:00) Pacific Time US & Canada","ProductVersion","ExpirationDate","Unit ID","Unit Locations","ContainerType","Number ofContainers","LoosePieces","On Hand","Marked","Available","Job 1: ","Owner :  CUS529 - Resideo","Unique ID :  36123","Product ID : ","WV8840C1605/P","Description: WATER HEATER GAS VALVE FOR RHEEM ",,,107295,"West * 06 * 04 * C3 ","Carton",0,300,300,0,300,"*","87 Units",0,"26,100","26,100",0,"26,100","**OWNER TOTALS: ","22 Units",0,"6,600","6,600",0,"6,600","Page -1 of 1","* Denotes Unavailable Units"
"INVENTORY DETAIL REPORTBilling Code :  CUS529Selected ProductsZero Balances SuppressedSort By Owner NameThen By Product DescriptionUnits By Unit ID","Date  :   08/23/2024","Time :    3:16PM(UTC-08:00) Pacific Time US & Canada","ProductVersion","ExpirationDate","Unit ID","Unit Locations","ContainerType","Number ofContainers","LoosePieces","On Hand","Marked","Available","Job 1: ","Owner :  CUS529 - Resideo","Unique ID :  36123","Product ID : ","WV8840C1605/P","Description: WATER HEATER GAS VALVE FOR RHEEM ",,,107303,"West * 03 * 12 * D4 ","Carton",0,300,300,0,300,"*","87 Units",0,"26,100","26,100",0,"26,100","**OWNER TOTALS: ","23 Units",0,"6,900","6,900",0,"6,900","Page -1 of 1","* Denotes Unavailable Units"
"INVENTORY DETAIL REPORTBilling Code :  CUS529Selected ProductsZero Balances SuppressedSort By Owner NameThen By Product DescriptionUnits By Unit ID","Date  :   08/23/2024","Time :    3:16PM(UTC-08:00) Pacific Time US & Canada","ProductVersion","ExpirationDate","Unit ID","Unit Locations","ContainerType","Number ofContainers","LoosePieces","On Hand","Marked","Available","Job 1: ","Owner :  CUS529 - Resideo","Unique ID :  36123","Product ID : ","WV8840C1605/P","Description: WATER HEATER GAS VALVE FOR RHEEM ",,,107563,"East * E04 * 30 * A3 ","Carton",0,300,300,0,300,"*","87 Units",0,"26,100","26,100",0,"26,100","**OWNER TOTALS: ","24 Units",0,"7,200","7,200",0,"7,200","Page -1 of 1","* Denotes Unavailable Units"
"INVENTORY DETAIL REPORTBilling Code :  CUS529Selected ProductsZero Balances SuppressedSort By Owner NameThen By Product DescriptionUnits By Unit ID","Date  :   08/23/2024","Time :    3:16PM(UTC-08:00) Pacific Time US & Canada","ProductVersion","ExpirationDate","Unit ID","Unit Locations","ContainerType","Number ofContainers","LoosePieces","On Hand","Marked","Available","Job 1: ","Owner :  CUS529 - Resideo","Unique ID :  36123","Product ID : ","WV8840C1605/P","Description: WATER HEATER GAS VALVE FOR RHEEM ",,,107564,"East * E04 * 05 * B2 ","Carton",0,300,300,0,300,"*","87 Units",0,"26,100","26,100",0,"26,100","**OWNER TOTALS: ","25 Units",0,"7,500","7,500",0,"7,500","Page -1 of 1","* Denotes Unavailable Units"
"INVENTORY DETAIL REPORTBilling Code :  CUS529Selected ProductsZero Balances SuppressedSort By Owner NameThen By Product DescriptionUnits By Unit ID","Date  :   08/23/2024","Time :    3:16PM(UTC-08:00) Pacific Time US & Canada","ProductVersion","ExpirationDate","Unit ID","Unit Locations","ContainerType","Number ofContainers","LoosePieces","On Hand","Marked","Available","Job 1: ","Owner :  CUS529 - Resideo","Unique ID :  36123","Product ID : ","WV8840C1605/P","Description: WATER HEATER GAS VALVE FOR RHEEM ",,,107565,"East * E04 * 21 * B1 ","Carton",0,300,300,0,300,"*","87 Units",0,"26,100","26,100",0,"26,100","**OWNER TOTALS: ","26 Units",0,"7,800","7,800",0,"7,800","Page -1 of 1","* Denotes Unavailable Units"
"INVENTORY DETAIL REPORTBilling Code :  CUS529Selected ProductsZero Balances SuppressedSort By Owner NameThen By Product DescriptionUnits By Unit ID","Date  :   08/23/2024","Time :    3:16PM(UTC-08:00) Pacific Time US & Canada","ProductVersion","ExpirationDate","Unit ID","Unit Locations","ContainerType","Number ofContainers","LoosePieces","On Hand","Marked","Available","Job 1: ","Owner :  CUS529 - Resideo","Unique ID :  36123","Product ID : ","WV8840C1605/P","Description: WATER HEATER GAS VALVE FOR RHEEM ",,,107566,"East * E04 * 21 * B2 ","Carton",0,300,300,0,300,"*","87 Units",0,"26,100","26,100",0,"26,100","**OWNER TOTALS: ","27 Units",0,"8,100","8,100",0,"8,100","Page -1 of 1","* Denotes Unavailable Units"
"INVENTORY DETAIL REPORTBilling Code :  CUS529Selected ProductsZero Balances SuppressedSort By Owner NameThen By Product DescriptionUnits By Unit ID","Date  :   08/23/2024","Time :    3:16PM(UTC-08:00) Pacific Time US & Canada","ProductVersion","ExpirationDate","Unit ID","Unit Locations","ContainerType","Number ofContainers","LoosePieces","On Hand","Marked","Available","Job 1: ","Owner :  CUS529 - Resideo","Unique ID :  36123","Product ID : ","WV8840C1605/P","Description: WATER HEATER GAS VALVE FOR RHEEM ",,,107567,"East * E04 * 24 * B2 ","Carton",0,300,300,0,300,"*","87 Units",0,"26,100","26,100",0,"26,100","**OWNER TOTALS: ","28 Units",0,"8,400","8,400",0,"8,400","Page -1 of 1","* Denotes Unavailable Units"
"INVENTORY DETAIL REPORTBilling Code :  CUS529Selected ProductsZero Balances SuppressedSort By Owner NameThen By Product DescriptionUnits By Unit ID","Date  :   08/23/2024","Time :    3:16PM(UTC-08:00) Pacific Time US & Canada","ProductVersion","ExpirationDate","Unit ID","Unit Locations","ContainerType","Number ofContainers","LoosePieces","On Hand","Marked","Available","Job 1: ","Owner :  CUS529 - Resideo","Unique ID :  36123","Product ID : ","WV8840C1605/P","Description: WATER HEATER GAS VALVE FOR RHEEM ",,,107568,"East * E04 * 25 * B1 ","Carton",0,300,300,0,300,"*","87 Units",0,"26,100","26,100",0,"26,100","**OWNER TOTALS: ","29 Units",0,"8,700","8,700",0,"8,700","Page -1 of 1","* Denotes Unavailable Units"
"INVENTORY DETAIL REPORTBilling Code :  CUS529Selected ProductsZero Balances SuppressedSort By Owner NameThen By Product DescriptionUnits By Unit ID","Date  :   08/23/2024","Time :    3:16PM(UTC-08:00) Pacific Time US & Canada","ProductVersion","ExpirationDate","Unit ID","Unit Locations","ContainerType","Number ofContainers","LoosePieces","On Hand","Marked","Available","Job 1: ","Owner :  CUS529 - Resideo","Unique ID :  36123","Product ID : ","WV8840C1605/P","Description: WATER HEATER GAS VALVE FOR RHEEM ",,,107569,"East * E04 * 26 * B1 ","Carton",0,300,300,0,300,"*","87 Units",0,"26,100","26,100",0,"26,100","**OWNER TOTALS: ","30 Units",0,"9,000","9,000",0,"9,000","Page -1 of 1","* Denotes Unavailable Units"
"INVENTORY DETAIL REPORTBilling Code :  CUS529Selected ProductsZero Balances SuppressedSort By Owner NameThen By Product DescriptionUnits By Unit ID","Date  :   08/23/2024","Time :    3:16PM(UTC-08:00) Pacific Time US & Canada","ProductVersion","ExpirationDate","Unit ID","Unit Locations","ContainerType","Number ofContainers","LoosePieces","On Hand","Marked","Available","Job 1: ","Owner :  CUS529 - Resideo","Unique ID :  36123","Product ID : ","WV8840C1605/P","Description: WATER HEATER GAS VALVE FOR RHEEM ",,,107570,"East * E04 * 28 * B2 ","Carton",0,300,300,0,300,"*","87 Units",0,"26,100","26,100",0,"26,100","**OWNER TOTALS: ","31 Units",0,"9,300","9,300",0,"9,300","Page -1 of 1","* Denotes Unavailable Units"
"INVENTORY DETAIL REPORTBilling Code :  CUS529Selected ProductsZero Balances SuppressedSort By Owner NameThen By Product DescriptionUnits By Unit ID","Date  :   08/23/2024","Time :    3:16PM(UTC-08:00) Pacific Time US & Canada","ProductVersion","ExpirationDate","Unit ID","Unit Locations","ContainerType","Number ofContainers","LoosePieces","On Hand","Marked","Available","Job 1: ","Owner :  CUS529 - Resideo","Unique ID :  36123","Product ID : ","WV8840C1605/P","Description: WATER HEATER GAS VALVE FOR RHEEM ",,,107571,"East * E04 * 42 * B3 ","Carton",0,300,300,0,300,"*","87 Units",0,"26,100","26,100",0,"26,100","**OWNER TOTALS: ","32 Units",0,"9,600","9,600",0,"9,600","Page -1 of 1","* Denotes Unavailable Units"
"INVENTORY DETAIL REPORTBilling Code :  CUS529Selected ProductsZero Balances SuppressedSort By Owner NameThen By Product DescriptionUnits By Unit ID","Date  :   08/23/2024","Time :    3:16PM(UTC-08:00) Pacific Time US & Canada","ProductVersion","ExpirationDate","Unit ID","Unit Locations","ContainerType","Number ofContainers","LoosePieces","On Hand","Marked","Available","Job 1: ","Owner :  CUS529 - Resideo","Unique ID :  36123","Product ID : ","WV8840C1605/P","Description: WATER HEATER GAS VALVE FOR RHEEM ",,,107572,"East * E04 * 42 * B2 ","Carton",0,300,300,0,300,"*","87 Units",0,"26,100","26,100",0,"26,100","**OWNER TOTALS: ","33 Units",0,"9,900","9,900",0,"9,900","Page -1 of 1","* Denotes Unavailable Units"
"INVENTORY DETAIL REPORTBilling Code :  CUS529Selected ProductsZero Balances SuppressedSort By Owner NameThen By Product DescriptionUnits By Unit ID","Date  :   08/23/2024","Time :    3:16PM(UTC-08:00) Pacific Time US & Canada","ProductVersion","ExpirationDate","Unit ID","Unit Locations","ContainerType","Number ofContainers","LoosePieces","On Hand","Marked","Available","Job 1: ","Owner :  CUS529 - Resideo","Unique ID :  36123","Product ID : ","WV8840C1605/P","Description: WATER HEATER GAS VALVE FOR RHEEM ",,,107573,"East * E04 * 42 * B1 ","Carton",0,300,300,0,300,"*","87 Units",0,"26,100","26,100",0,"26,100","**OWNER TOTALS: ","34 Units",0,"10,200","10,200",0,"10,200","Page -1 of 1","* Denotes Unavailable Units"
"INVENTORY DETAIL REPORTBilling Code :  CUS529Selected ProductsZero Balances SuppressedSort By Owner NameThen By Product DescriptionUnits By Unit ID","Date  :   08/23/2024","Time :    3:16PM(UTC-08:00) Pacific Time US & Canada","ProductVersion","ExpirationDate","Unit ID","Unit Locations","ContainerType","Number ofContainers","LoosePieces","On Hand","Marked","Available","Job 1: ","Owner :  CUS529 - Resideo","Unique ID :  36123","Product ID : ","WV8840C1605/P","Description: WATER HEATER GAS VALVE FOR RHEEM ",,,107574,"East * E04 * 01 * C4 ","Carton",0,300,300,0,300,"*","87 Units",0,"26,100","26,100",0,"26,100","**OWNER TOTALS: ","35 Units",0,"10,500","10,500",0,"10,500","Page -1 of 1","* Denotes Unavailable Units"
"INVENTORY DETAIL REPORTBilling Code :  CUS529Selected ProductsZero Balances SuppressedSort By Owner NameThen By Product DescriptionUnits By Unit ID","Date  :   08/23/2024","Time :    3:16PM(UTC-08:00) Pacific Time US & Canada","ProductVersion","ExpirationDate","Unit ID","Unit Locations","ContainerType","Number ofContainers","LoosePieces","On Hand","Marked","Available","Job 1: ","Owner :  CUS529 - Resideo","Unique ID :  36123","Product ID : ","WV8840C1605/P","Description: WATER HEATER GAS VALVE FOR RHEEM ",,,107575,"East * E04 * 01 * C2 ","Carton",0,300,300,0,300,"*","87 Units",0,"26,100","26,100",0,"26,100","**OWNER TOTALS: ","36 Units",0,"10,800","10,800",0,"10,800","Page -1 of 1","* Denotes Unavailable Units"
"INVENTORY DETAIL REPORTBilling Code :  CUS529Selected ProductsZero Balances SuppressedSort By Owner NameThen By Product DescriptionUnits By Unit ID","Date  :   08/23/2024","Time :    3:16PM(UTC-08:00) Pacific Time US & Canada","ProductVersion","ExpirationDate","Unit ID","Unit Locations","ContainerType","Number ofContainers","LoosePieces","On Hand","Marked","Available","Job 1: ","Owner :  CUS529 - Resideo","Unique ID :  36123","Product ID : ","WV8840C1605/P","Description: WATER HEATER GAS VALVE FOR RHEEM ",,,107768,"East * E04 * 16 * C1 ","Carton",0,300,300,0,300,"*","87 Units",0,"26,100","26,100",0,"26,100","**OWNER TOTALS: ","37 Units",0,"11,100","11,100",0,"11,100","Page -1 of 1","* Denotes Unavailable Units"
"INVENTORY DETAIL REPORTBilling Code :  CUS529Selected ProductsZero Balances SuppressedSort By Owner NameThen By Product DescriptionUnits By Unit ID","Date  :   08/23/2024","Time :    3:16PM(UTC-08:00) Pacific Time US & Canada","ProductVersion","ExpirationDate","Unit ID","Unit Locations","ContainerType","Number ofContainers","LoosePieces","On Hand","Marked","Available","Job 1: ","Owner :  CUS529 - Resideo","Unique ID :  36123","Product ID : ","WV8840C1605/P","Description: WATER HEATER GAS VALVE FOR RHEEM ",,,107769,"East * E04 * 17 * C2 ","Carton",0,300,300,0,300,"*","87 Units",0,"26,100","26,100",0,"26,100","**OWNER TOTALS: ","38 Units",0,"11,400","11,400",0,"11,400","Page -1 of 1","* Denotes Unavailable Units"
"INVENTORY DETAIL REPORTBilling Code :  CUS529Selected ProductsZero Balances SuppressedSort By Owner NameThen By Product DescriptionUnits By Unit ID","Date  :   08/23/2024","Time :    3:16PM(UTC-08:00) Pacific Time US & Canada","ProductVersion","ExpirationDate","Unit ID","Unit Locations","ContainerType","Number ofContainers","LoosePieces","On Hand","Marked","Available","Job 1: ","Owner :  CUS529 - Resideo","Unique ID :  36123","Product ID : ","WV8840C1605/P","Description: WATER HEATER GAS VALVE FOR RHEEM ",,,107770,"East * E04 * 23 * C1 ","Carton",0,300,300,0,300,"*","87 Units",0,"26,100","26,100",0,"26,100","**OWNER TOTALS: ","39 Units",0,"11,700","11,700",0,"11,700","Page -1 of 1","* Denotes Unavailable Units"
"INVENTORY DETAIL REPORTBilling Code :  CUS529Selected ProductsZero Balances SuppressedSort By Owner NameThen By Product DescriptionUnits By Unit ID","Date  :   08/23/2024","Time :    3:16PM(UTC-08:00) Pacific Time US & Canada","ProductVersion","ExpirationDate","Unit ID","Unit Locations","ContainerType","Number ofContainers","LoosePieces","On Hand","Marked","Available","Job 1: ","Owner :  CUS529 - Resideo","Unique ID :  36123","Product ID : ","WV8840C1605/P","Description: WATER HEATER GAS VALVE FOR RHEEM ",,,107786,"East * E02 * 26 * D4 ","Carton",0,300,300,0,300,"*","87 Units",0,"26,100","26,100",0,"26,100","**OWNER TOTALS: ","40 Units",0,"12,000","12,000",0,"12,000","Page -1 of 1","* Denotes Unavailable Units"
"INVENTORY DETAIL REPORTBilling Code :  CUS529Selected ProductsZero Balances SuppressedSort By Owner NameThen By Product DescriptionUnits By Unit ID","Date  :   08/23/2024","Time :    3:16PM(UTC-08:00) Pacific Time US & Canada","ProductVersion","ExpirationDate","Unit ID","Unit Locations","ContainerType","Number ofContainers","LoosePieces","On Hand","Marked","Available","Job 1: ","Owner :  CUS529 - Resideo","Unique ID :  36123","Product ID : ","WV8840C1605/P","Description: WATER HEATER GAS VALVE FOR RHEEM ",,,107787,"East * E02 * 27 * B3 ","Carton",0,300,300,0,300,"*","87 Units",0,"26,100","26,100",0,"26,100","**OWNER TOTALS: ","41 Units",0,"12,300","12,300",0,"12,300","Page -1 of 1","* Denotes Unavailable Units"
"INVENTORY DETAIL REPORTBilling Code :  CUS529Selected ProductsZero Balances SuppressedSort By Owner NameThen By Product DescriptionUnits By Unit ID","Date  :   08/23/2024","Time :    3:16PM(UTC-08:00) Pacific Time US & Canada","ProductVersion","ExpirationDate","Unit ID","Unit Locations","ContainerType","Number ofContainers","LoosePieces","On Hand","Marked","Available","Job 1: ","Owner :  CUS529 - Resideo","Unique ID :  36123","Product ID : ","WV8840C1605/P","Description: WATER HEATER GAS VALVE FOR RHEEM ",,,107788,"East * E02 * 27 * C4 ","Carton",0,300,300,0,300,"*","87 Units",0,"26,100","26,100",0,"26,100","**OWNER TOTALS: ","42 Units",0,"12,600","12,600",0,"12,600","Page -1 of 1","* Denotes Unavailable Units"
"INVENTORY DETAIL REPORTBilling Code :  CUS529Selected ProductsZero Balances SuppressedSort By Owner NameThen By Product DescriptionUnits By Unit ID","Date  :   08/23/2024","Time :    3:16PM(UTC-08:00) Pacific Time US & Canada","ProductVersion","ExpirationDate","Unit ID","Unit Locations","ContainerType","Number ofContainers","LoosePieces","On Hand","Marked","Available","Job 1: ","Owner :  CUS529 - Resideo","Unique ID :  36123","Product ID : ","WV8840C1605/P","Description: WATER HEATER GAS VALVE FOR RHEEM ",,,107789,"East * E02 * 27 * D2 ","Carton",0,300,300,0,300,"*","87 Units",0,"26,100","26,100",0,"26,100","**OWNER TOTALS: ","43 Units",0,"12,900","12,900",0,"12,900","Page -1 of 1","* Denotes Unavailable Units"
"INVENTORY DETAIL REPORTBilling Code :  CUS529Selected ProductsZero Balances SuppressedSort By Owner NameThen By Product DescriptionUnits By Unit ID","Date  :   08/23/2024","Time :    3:16PM(UTC-08:00) Pacific Time US & Canada","ProductVersion","ExpirationDate","Unit ID","Unit Locations","ContainerType","Number ofContainers","LoosePieces","On Hand","Marked","Available","Job 1: ","Owner :  CUS529 - Resideo","Unique ID :  36123","Product ID : ","WV8840C1605/P","Description: WATER HEATER GAS VALVE FOR RHEEM ",,,107790,"East * E02 * 28 * B3 ","Carton",0,300,300,0,300,"*","87 Units",0,"26,100","26,100",0,"26,100","**OWNER TOTALS: ","44 Units",0,"13,200","13,200",0,"13,200","Page -1 of 1","* Denotes Unavailable Units"
"INVENTORY DETAIL REPORTBilling Code :  CUS529Selected ProductsZero Balances SuppressedSort By Owner NameThen By Product DescriptionUnits By Unit ID","Date  :   08/23/2024","Time :    3:16PM(UTC-08:00) Pacific Time US & Canada","ProductVersion","ExpirationDate","Unit ID","Unit Locations","ContainerType","Number ofContainers","LoosePieces","On Hand","Marked","Available","Job 1: ","Owner :  CUS529 - Resideo","Unique ID :  36123","Product ID : ","WV8840C1605/P","Description: WATER HEATER GAS VALVE FOR RHEEM ",,,107791,"East * E02 * 28 * B4 ","Carton",0,300,300,0,300,"*","87 Units",0,"26,100","26,100",0,"26,100","**OWNER TOTALS: ","45 Units",0,"13,500","13,500",0,"13,500","Page -1 of 1","* Denotes Unavailable Units"
"INVENTORY DETAIL REPORTBilling Code :  CUS529Selected ProductsZero Balances SuppressedSort By Owner NameThen By Product DescriptionUnits By Unit ID","Date  :   08/23/2024","Time :    3:16PM(UTC-08:00) Pacific Time US & Canada","ProductVersion","ExpirationDate","Unit ID","Unit Locations","ContainerType","Number ofContainers","LoosePieces","On Hand","Marked","Available","Job 1: ","Owner :  CUS529 - Resideo","Unique ID :  36123","Product ID : ","WV8840C1605/P","Description: WATER HEATER GAS VALVE FOR RHEEM ",,,107792,"East * E02 * 28 * C4 ","Carton",0,300,300,0,300,"*","87 Units",0,"26,100","26,100",0,"26,100","**OWNER TOTALS: ","46 Units",0,"13,800","13,800",0,"13,800","Page -1 of 1","* Denotes Unavailable Units"
"INVENTORY DETAIL REPORTBilling Code :  CUS529Selected ProductsZero Balances SuppressedSort By Owner NameThen By Product DescriptionUnits By Unit ID","Date  :   08/23/2024","Time :    3:16PM(UTC-08:00) Pacific Time US & Canada","ProductVersion","ExpirationDate","Unit ID","Unit Locations","ContainerType","Number ofContainers","LoosePieces","On Hand","Marked","Available","Job 1: ","Owner :  CUS529 - Resideo","Unique ID :  36123","Product ID : ","WV8840C1605/P","Description: WATER HEATER GAS VALVE FOR RHEEM ",,,109253,"East * E05 * 27 * C1 ","Carton",0,300,300,0,300,"*","87 Units",0,"26,100","26,100",0,"26,100","**OWNER TOTALS: ","47 Units",0,"14,100","14,100",0,"14,100","Page -1 of 1","* Denotes Unavailable Units"
"INVENTORY DETAIL REPORTBilling Code :  CUS529Selected ProductsZero Balances SuppressedSort By Owner NameThen By Product DescriptionUnits By Unit ID","Date  :   08/23/2024","Time :    3:16PM(UTC-08:00) Pacific Time US & Canada","ProductVersion","ExpirationDate","Unit ID","Unit Locations","ContainerType","Number ofContainers","LoosePieces","On Hand","Marked","Available","Job 1: ","Owner :  CUS529 - Resideo","Unique ID :  36123","Product ID : ","WV8840C1605/P","Description: WATER HEATER GAS VALVE FOR RHEEM ",,,109254,"East * E05 * 27 * C2 ","Carton",0,300,300,0,300,"*","87 Units",0,"26,100","26,100",0,"26,100","**OWNER TOTALS: ","48 Units",0,"14,400","14,400",0,"14,400","Page -1 of 1","* Denotes Unavailable Units"
"INVENTORY DETAIL REPORTBilling Code :  CUS529Selected ProductsZero Balances SuppressedSort By Owner NameThen By Product DescriptionUnits By Unit ID","Date  :   08/23/2024","Time :    3:16PM(UTC-08:00) Pacific Time US & Canada","ProductVersion","ExpirationDate","Unit ID","Unit Locations","ContainerType","Number ofContainers","LoosePieces","On Hand","Marked","Available","Job 1: ","Owner :  CUS529 - Resideo","Unique ID :  36123","Product ID : ","WV8840C1605/P","Description: WATER HEATER GAS VALVE FOR RHEEM ",,,109495,"East * E06 * 10 * E1 ","Carton",0,300,300,0,300,"*","87 Units",0,"26,100","26,100",0,"26,100","**OWNER TOTALS: ","49 Units",0,"14,700","14,700",0,"14,700","Page -1 of 1","* Denotes Unavailable Units"
"INVENTORY DETAIL REPORTBilling Code :  CUS529Selected ProductsZero Balances SuppressedSort By Owner NameThen By Product DescriptionUnits By Unit ID","Date  :   08/23/2024","Time :    3:16PM(UTC-08:00) Pacific Time US & Canada","ProductVersion","ExpirationDate","Unit ID","Unit Locations","ContainerType","Number ofContainers","LoosePieces","On Hand","Marked","Available","Job 1: ","Owner :  CUS529 - Resideo","Unique ID :  36123","Product ID : ","WV8840C1605/P","Description: WATER HEATER GAS VALVE FOR RHEEM ",,,109496,"East * E06 * 10 * E2 ","Carton",0,300,300,0,300,"*","87 Units",0,"26,100","26,100",0,"26,100","**OWNER TOTALS: ","50 Units",0,"15,000","15,000",0,"15,000","Page -1 of 1","* Denotes Unavailable Units"
"INVENTORY DETAIL REPORTBilling Code :  CUS529Selected ProductsZero Balances SuppressedSort By Owner NameThen By Product DescriptionUnits By Unit ID","Date  :   08/23/2024","Time :    3:16PM(UTC-08:00) Pacific Time US & Canada","ProductVersion","ExpirationDate","Unit ID","Unit Locations","ContainerType","Number ofContainers","LoosePieces","On Hand","Marked","Available","Job 1: ","Owner :  CUS529 - Resideo","Unique ID :  36123","Product ID : ","WV8840C1605/P","Description: WATER HEATER GAS VALVE FOR RHEEM ",,,109497,"East * E06 * 09 * E1 ","Carton",0,300,300,0,300,"*","87 Units",0,"26,100","26,100",0,"26,100","**OWNER TOTALS: ","51 Units",0,"15,300","15,300",0,"15,300","Page -1 of 1","* Denotes Unavailable Units"
"INVENTORY DETAIL REPORTBilling Code :  CUS529Selected ProductsZero Balances SuppressedSort By Owner NameThen By Product DescriptionUnits By Unit ID","Date  :   08/23/2024","Time :    3:16PM(UTC-08:00) Pacific Time US & Canada","ProductVersion","ExpirationDate","Unit ID","Unit Locations","ContainerType","Number ofContainers","LoosePieces","On Hand","Marked","Available","Job 1: ","Owner :  CUS529 - Resideo","Unique ID :  36123","Product ID : ","WV8840C1605/P","Description: WATER HEATER GAS VALVE FOR RHEEM ",,,109560,"East * E03 * 43 * C1 ","Carton",0,300,300,0,300,"*","87 Units",0,"26,100","26,100",0,"26,100","**OWNER TOTALS: ","52 Units",0,"15,600","15,600",0,"15,600","Page -1 of 1","* Denotes Unavailable Units"
"INVENTORY DETAIL REPORTBilling Code :  CUS529Selected ProductsZero Balances SuppressedSort By Owner NameThen By Product DescriptionUnits By Unit ID","Date  :   08/23/2024","Time :    3:16PM(UTC-08:00) Pacific Time US & Canada","ProductVersion","ExpirationDate","Unit ID","Unit Locations","ContainerType","Number ofContainers","LoosePieces","On Hand","Marked","Available","Job 1: ","Owner :  CUS529 - Resideo","Unique ID :  36123","Product ID : ","WV8840C1605/P","Description: WATER HEATER GAS VALVE FOR RHEEM ",,,109561,"East * E03 * 43 * C2 ","Carton",0,300,300,0,300,"*","87 Units",0,"26,100","26,100",0,"26,100","**OWNER TOTALS: ","53 Units",0,"15,900","15,900",0,"15,900","Page -1 of 1","* Denotes Unavailable Units"
"INVENTORY DETAIL REPORTBilling Code :  CUS529Selected ProductsZero Balances SuppressedSort By Owner NameThen By Product DescriptionUnits By Unit ID","Date  :   08/23/2024","Time :    3:16PM(UTC-08:00) Pacific Time US & Canada","ProductVersion","ExpirationDate","Unit ID","Unit Locations","ContainerType","Number ofContainers","LoosePieces","On Hand","Marked","Available","Job 1: ","Owner :  CUS529 - Resideo","Unique ID :  36123","Product ID : ","WV8840C1605/P","Description: WATER HEATER GAS VALVE FOR RHEEM ",,,109562,"East * E03 * 42 * D3 ","Carton",0,300,300,0,300,"*","87 Units",0,"26,100","26,100",0,"26,100","**OWNER TOTALS: ","54 Units",0,"16,200","16,200",0,"16,200","Page -1 of 1","* Denotes Unavailable Units"
"INVENTORY DETAIL REPORTBilling Code :  CUS529Selected ProductsZero Balances SuppressedSort By Owner NameThen By Product DescriptionUnits By Unit ID","Date  :   08/23/2024","Time :    3:16PM(UTC-08:00) Pacific Time US & Canada","ProductVersion","ExpirationDate","Unit ID","Unit Locations","ContainerType","Number ofContainers","LoosePieces","On Hand","Marked","Available","Job 1: ","Owner :  CUS529 - Resideo","Unique ID :  36123","Product ID : ","WV8840C1605/P","Description: WATER HEATER GAS VALVE FOR RHEEM ",,,109563,"East * E03 * 42 * D1 ","Carton",0,300,300,0,300,"*","87 Units",0,"26,100","26,100",0,"26,100","**OWNER TOTALS: ","55 Units",0,"16,500","16,500",0,"16,500","Page -1 of 1","* Denotes Unavailable Units"
"INVENTORY DETAIL REPORTBilling Code :  CUS529Selected ProductsZero Balances SuppressedSort By Owner NameThen By Product DescriptionUnits By Unit ID","Date  :   08/23/2024","Time :    3:16PM(UTC-08:00) Pacific Time US & Canada","ProductVersion","ExpirationDate","Unit ID","Unit Locations","ContainerType","Number ofContainers","LoosePieces","On Hand","Marked","Available","Job 1: ","Owner :  CUS529 - Resideo","Unique ID :  36123","Product ID : ","WV8840C1605/P","Description: WATER HEATER GAS VALVE FOR RHEEM ",,,109955,"West * 05 * 29 * C2 ","Carton",0,300,300,0,300,"*","87 Units",0,"26,100","26,100",0,"26,100","**OWNER TOTALS: ","56 Units",0,"16,800","16,800",0,"16,800","Page -1 of 1","* Denotes Unavailable Units"
"INVENTORY DETAIL REPORTBilling Code :  CUS529Selected ProductsZero Balances SuppressedSort By Owner NameThen By Product DescriptionUnits By Unit ID","Date  :   08/23/2024","Time :    3:16PM(UTC-08:00) Pacific Time US & Canada","ProductVersion","ExpirationDate","Unit ID","Unit Locations","ContainerType","Number ofContainers","LoosePieces","On Hand","Marked","Available","Job 1: ","Owner :  CUS529 - Resideo","Unique ID :  36123","Product ID : ","WV8840C1605/P","Description: WATER HEATER GAS VALVE FOR RHEEM ",,,109956,"West * 05 * 30 * B3 ","Carton",0,300,300,0,300,"*","87 Units",0,"26,100","26,100",0,"26,100","**OWNER TOTALS: ","57 Units",0,"17,100","17,100",0,"17,100","Page -1 of 1","* Denotes Unavailable Units"
"INVENTORY DETAIL REPORTBilling Code :  CUS529Selected ProductsZero Balances SuppressedSort By Owner NameThen By Product DescriptionUnits By Unit ID","Date  :   08/23/2024","Time :    3:16PM(UTC-08:00) Pacific Time US & Canada","ProductVersion","ExpirationDate","Unit ID","Unit Locations","ContainerType","Number ofContainers","LoosePieces","On Hand","Marked","Available","Job 1: ","Owner :  CUS529 - Resideo","Unique ID :  36123","Product ID : ","WV8840C1605/P","Description: WATER HEATER GAS VALVE FOR RHEEM ",,,110052,"East * E03 * 40 * A2 ","Carton",0,300,300,0,300,"*","87 Units",0,"26,100","26,100",0,"26,100","**OWNER TOTALS: ","58 Units",0,"17,400","17,400",0,"17,400","Page -1 of 1","* Denotes Unavailable Units"
"INVENTORY DETAIL REPORTBilling Code :  CUS529Selected ProductsZero Balances SuppressedSort By Owner NameThen By Product DescriptionUnits By Unit ID","Date  :   08/23/2024","Time :    3:16PM(UTC-08:00) Pacific Time US & Canada","ProductVersion","ExpirationDate","Unit ID","Unit Locations","ContainerType","Number ofContainers","LoosePieces","On Hand","Marked","Available","Job 1: ","Owner :  CUS529 - Resideo","Unique ID :  36123","Product ID : ","WV8840C1605/P","Description: WATER HEATER GAS VALVE FOR RHEEM ",,,110053,"East * E03 * 41 * A2 ","Carton",0,300,300,0,300,"*","87 Units",0,"26,100","26,100",0,"26,100","**OWNER TOTALS: ","59 Units",0,"17,700","17,700",0,"17,700","Page -1 of 1","* Denotes Unavailable Units"
"INVENTORY DETAIL REPORTBilling Code :  CUS529Selected ProductsZero Balances SuppressedSort By Owner NameThen By Product DescriptionUnits By Unit ID","Date  :   08/23/2024","Time :    3:16PM(UTC-08:00) Pacific Time US & Canada","ProductVersion","ExpirationDate","Unit ID","Unit Locations","ContainerType","Number ofContainers","LoosePieces","On Hand","Marked","Available","Job 1: ","Owner :  CUS529 - Resideo","Unique ID :  36123","Product ID : ","WV8840C1605/P","Description: WATER HEATER GAS VALVE FOR RHEEM ",,,110054,"East * E04 * 11 * A2 ","Carton",0,300,300,0,300,"*","87 Units",0,"26,100","26,100",0,"26,100","**OWNER TOTALS: ","60 Units",0,"18,000","18,000",0,"18,000","Page -1 of 1","* Denotes Unavailable Units"
"INVENTORY DETAIL REPORTBilling Code :  CUS529Selected ProductsZero Balances SuppressedSort By Owner NameThen By Product DescriptionUnits By Unit ID","Date  :   08/23/2024","Time :    3:16PM(UTC-08:00) Pacific Time US & Canada","ProductVersion","ExpirationDate","Unit ID","Unit Locations","ContainerType","Number ofContainers","LoosePieces","On Hand","Marked","Available","Job 1: ","Owner :  CUS529 - Resideo","Unique ID :  36123","Product ID : ","WV8840C1605/P","Description: WATER HEATER GAS VALVE FOR RHEEM ",,,110055,"East * E04 * 16 * A2 ","Carton",0,300,300,0,300,"*","87 Units",0,"26,100","26,100",0,"26,100","**OWNER TOTALS: ","61 Units",0,"18,300","18,300",0,"18,300","Page -1 of 1","* Denotes Unavailable Units"
"INVENTORY DETAIL REPORTBilling Code :  CUS529Selected ProductsZero Balances SuppressedSort By Owner NameThen By Product DescriptionUnits By Unit ID","Date  :   08/23/2024","Time :    3:16PM(UTC-08:00) Pacific Time US & Canada","ProductVersion","ExpirationDate","Unit ID","Unit Locations","ContainerType","Number ofContainers","LoosePieces","On Hand","Marked","Available","Job 1: ","Owner :  CUS529 - Resideo","Unique ID :  36123","Product ID : ","WV8840C1605/P","Description: WATER HEATER GAS VALVE FOR RHEEM ",,,110056,"East * E04 * 23 * A2 ","Carton",0,300,300,0,300,"*","87 Units",0,"26,100","26,100",0,"26,100","**OWNER TOTALS: ","62 Units",0,"18,600","18,600",0,"18,600","Page -1 of 1","* Denotes Unavailable Units"
"INVENTORY DETAIL REPORTBilling Code :  CUS529Selected ProductsZero Balances SuppressedSort By Owner NameThen By Product DescriptionUnits By Unit ID","Date  :   08/23/2024","Time :    3:16PM(UTC-08:00) Pacific Time US & Canada","ProductVersion","ExpirationDate","Unit ID","Unit Locations","ContainerType","Number ofContainers","LoosePieces","On Hand","Marked","Available","Job 1: ","Owner :  CUS529 - Resideo","Unique ID :  36123","Product ID : ","WV8840C1605/P","Description: WATER HEATER GAS VALVE FOR RHEEM ",,,110057,"East * E04 * 35 * A2 ","Carton",0,300,300,0,300,"*","87 Units",0,"26,100","26,100",0,"26,100","**OWNER TOTALS: ","63 Units",0,"18,900","18,900",0,"18,900","Page -1 of 1","* Denotes Unavailable Units"
"INVENTORY DETAIL REPORTBilling Code :  CUS529Selected ProductsZero Balances SuppressedSort By Owner NameThen By Product DescriptionUnits By Unit ID","Date  :   08/23/2024","Time :    3:16PM(UTC-08:00) Pacific Time US & Canada","ProductVersion","ExpirationDate","Unit ID","Unit Locations","ContainerType","Number ofContainers","LoosePieces","On Hand","Marked","Available","Job 1: ","Owner :  CUS529 - Resideo","Unique ID :  36123","Product ID : ","WV8840C1605/P","Description: WATER HEATER GAS VALVE FOR RHEEM ",,,110058,"East * E04 * 41 * A2 ","Carton",0,300,300,0,300,"*","87 Units",0,"26,100","26,100",0,"26,100","**OWNER TOTALS: ","64 Units",0,"19,200","19,200",0,"19,200","Page -1 of 1","* Denotes Unavailable Units"
"INVENTORY DETAIL REPORTBilling Code :  CUS529Selected ProductsZero Balances SuppressedSort By Owner NameThen By Product DescriptionUnits By Unit ID","Date  :   08/23/2024","Time :    3:16PM(UTC-08:00) Pacific Time US & Canada","ProductVersion","ExpirationDate","Unit ID","Unit Locations","ContainerType","Number ofContainers","LoosePieces","On Hand","Marked","Available","Job 1: ","Owner :  CUS529 - Resideo","Unique ID :  36123","Product ID : ","WV8840C1605/P","Description: WATER HEATER GAS VALVE FOR RHEEM ",,,110161,"East * E04 * 18 * B3 ","Carton",0,300,300,0,300,"*","87 Units",0,"26,100","26,100",0,"26,100","**OWNER TOTALS: ","65 Units",0,"19,500","19,500",0,"19,500","Page -1 of 1","* Denotes Unavailable Units"
"INVENTORY DETAIL REPORTBilling Code :  CUS529Selected ProductsZero Balances SuppressedSort By Owner NameThen By Product DescriptionUnits By Unit ID","Date  :   08/23/2024","Time :    3:16PM(UTC-08:00) Pacific Time US & Canada","ProductVersion","ExpirationDate","Unit ID","Unit Locations","ContainerType","Number ofContainers","LoosePieces","On Hand","Marked","Available","Job 1: ","Owner :  CUS529 - Resideo","Unique ID :  36123","Product ID : ","WV8840C1605/P","Description: WATER HEATER GAS VALVE FOR RHEEM ",,,110162,"East * E04 * 24 * B3 ","Carton",0,300,300,0,300,"*","87 Units",0,"26,100","26,100",0,"26,100","**OWNER TOTALS: ","66 Units",0,"19,800","19,800",0,"19,800","Page -1 of 1","* Denotes Unavailable Units"
"INVENTORY DETAIL REPORTBilling Code :  CUS529Selected ProductsZero Balances SuppressedSort By Owner NameThen By Product DescriptionUnits By Unit ID","Date  :   08/23/2024","Time :    3:16PM(UTC-08:00) Pacific Time US & Canada","ProductVersion","ExpirationDate","Unit ID","Unit Locations","ContainerType","Number ofContainers","LoosePieces","On Hand","Marked","Available","Job 1: ","Owner :  CUS529 - Resideo","Unique ID :  36123","Product ID : ","WV8840C1605/P","Description: WATER HEATER GAS VALVE FOR RHEEM ",,,110214,"East * E03 * 10 * D2 ","Carton",0,300,300,0,300,"*","87 Units",0,"26,100","26,100",0,"26,100","**OWNER TOTALS: ","67 Units",0,"20,100","20,100",0,"20,100","Page -1 of 1","* Denotes Unavailable Units"
"INVENTORY DETAIL REPORTBilling Code :  CUS529Selected ProductsZero Balances SuppressedSort By Owner NameThen By Product DescriptionUnits By Unit ID","Date  :   08/23/2024","Time :    3:16PM(UTC-08:00) Pacific Time US & Canada","ProductVersion","ExpirationDate","Unit ID","Unit Locations","ContainerType","Number ofContainers","LoosePieces","On Hand","Marked","Available","Job 1: ","Owner :  CUS529 - Resideo","Unique ID :  36123","Product ID : ","WV8840C1605/P","Description: WATER HEATER GAS VALVE FOR RHEEM ",,,110215,"East * E03 * 11 * C3 ","Carton",0,300,300,0,300,"*","87 Units",0,"26,100","26,100",0,"26,100","**OWNER TOTALS: ","68 Units",0,"20,400","20,400",0,"20,400","Page -1 of 1","* Denotes Unavailable Units"
"INVENTORY DETAIL REPORTBilling Code :  CUS529Selected ProductsZero Balances SuppressedSort By Owner NameThen By Product DescriptionUnits By Unit ID","Date  :   08/23/2024","Time :    3:16PM(UTC-08:00) Pacific Time US & Canada","ProductVersion","ExpirationDate","Unit ID","Unit Locations","ContainerType","Number ofContainers","LoosePieces","On Hand","Marked","Available","Job 1: ","Owner :  CUS529 - Resideo","Unique ID :  36123","Product ID : ","WV8840C1605/P","Description: WATER HEATER GAS VALVE FOR RHEEM ",,,110216,"East * E03 * 11 * C1 ","Carton",0,300,300,0,300,"*","87 Units",0,"26,100","26,100",0,"26,100","**OWNER TOTALS: ","69 Units",0,"20,700","20,700",0,"20,700","Page -1 of 1","* Denotes Unavailable Units"
"INVENTORY DETAIL REPORTBilling Code :  CUS529Selected ProductsZero Balances SuppressedSort By Owner NameThen By Product DescriptionUnits By Unit ID","Date  :   08/23/2024","Time :    3:16PM(UTC-08:00) Pacific Time US & Canada","ProductVersion","ExpirationDate","Unit ID","Unit Locations","ContainerType","Number ofContainers","LoosePieces","On Hand","Marked","Available","Job 1: ","Owner :  CUS529 - Resideo","Unique ID :  36123","Product ID : ","WV8840C1605/P","Description: WATER HEATER GAS VALVE FOR RHEEM ",,,110217,"East * E03 * 11 * A2 ","Carton",0,300,300,0,300,"*","87 Units",0,"26,100","26,100",0,"26,100","**OWNER TOTALS: ","70 Units",0,"21,000","21,000",0,"21,000","Page -1 of 1","* Denotes Unavailable Units"
"INVENTORY DETAIL REPORTBilling Code :  CUS529Selected ProductsZero Balances SuppressedSort By Owner NameThen By Product DescriptionUnits By Unit ID","Date  :   08/23/2024","Time :    3:16PM(UTC-08:00) Pacific Time US & Canada","ProductVersion","ExpirationDate","Unit ID","Unit Locations","ContainerType","Number ofContainers","LoosePieces","On Hand","Marked","Available","Job 1: ","Owner :  CUS529 - Resideo","Unique ID :  36123","Product ID : ","WV8840C1605/P","Description: WATER HEATER GAS VALVE FOR RHEEM ",,,110218,"East * E03 * 11 * D4 ","Carton",0,300,300,0,300,"*","87 Units",0,"26,100","26,100",0,"26,100","**OWNER TOTALS: ","71 Units",0,"21,300","21,300",0,"21,300","Page -1 of 1","* Denotes Unavailable Units"
"INVENTORY DETAIL REPORTBilling Code :  CUS529Selected ProductsZero Balances SuppressedSort By Owner NameThen By Product DescriptionUnits By Unit ID","Date  :   08/23/2024","Time :    3:16PM(UTC-08:00) Pacific Time US & Canada","ProductVersion","ExpirationDate","Unit ID","Unit Locations","ContainerType","Number ofContainers","LoosePieces","On Hand","Marked","Available","Job 1: ","Owner :  CUS529 - Resideo","Unique ID :  36123","Product ID : ","WV8840C1605/P","Description: WATER HEATER GAS VALVE FOR RHEEM ",,,110219,"East * E03 * 11 * D2 ","Carton",0,300,300,0,300,"*","87 Units",0,"26,100","26,100",0,"26,100","**OWNER TOTALS: ","72 Units",0,"21,600","21,600",0,"21,600","Page -1 of 1","* Denotes Unavailable Units"
"INVENTORY DETAIL REPORTBilling Code :  CUS529Selected ProductsZero Balances SuppressedSort By Owner NameThen By Product DescriptionUnits By Unit ID","Date  :   08/23/2024","Time :    3:16PM(UTC-08:00) Pacific Time US & Canada","ProductVersion","ExpirationDate","Unit ID","Unit Locations","ContainerType","Number ofContainers","LoosePieces","On Hand","Marked","Available","Job 1: ","Owner :  CUS529 - Resideo","Unique ID :  36123","Product ID : ","WV8840C1605/P","Description: WATER HEATER GAS VALVE FOR RHEEM ",,,110220,"East * E03 * 13 * B1 ","Carton",0,300,300,0,300,"*","87 Units",0,"26,100","26,100",0,"26,100","**OWNER TOTALS: ","73 Units",0,"21,900","21,900",0,"21,900","Page -1 of 1","* Denotes Unavailable Units"
"INVENTORY DETAIL REPORTBilling Code :  CUS529Selected ProductsZero Balances SuppressedSort By Owner NameThen By Product DescriptionUnits By Unit ID","Date  :   08/23/2024","Time :    3:16PM(UTC-08:00) Pacific Time US & Canada","ProductVersion","ExpirationDate","Unit ID","Unit Locations","ContainerType","Number ofContainers","LoosePieces","On Hand","Marked","Available","Job 1: ","Owner :  CUS529 - Resideo","Unique ID :  36123","Product ID : ","WV8840C1605/P","Description: WATER HEATER GAS VALVE FOR RHEEM ",,,110221,"East * E03 * 16 * D3 ","Carton",0,300,300,0,300,"*","87 Units",0,"26,100","26,100",0,"26,100","**OWNER TOTALS: ","74 Units",0,"22,200","22,200",0,"22,200","Page -1 of 1","* Denotes Unavailable Units"
"INVENTORY DETAIL REPORTBilling Code :  CUS529Selected ProductsZero Balances SuppressedSort By Owner NameThen By Product DescriptionUnits By Unit ID","Date  :   08/23/2024","Time :    3:16PM(UTC-08:00) Pacific Time US & Canada","ProductVersion","ExpirationDate","Unit ID","Unit Locations","ContainerType","Number ofContainers","LoosePieces","On Hand","Marked","Available","Job 1: ","Owner :  CUS529 - Resideo","Unique ID :  36123","Product ID : ","WV8840C1605/P","Description: WATER HEATER GAS VALVE FOR RHEEM ",,,110222,"East * E03 * 16 * D1 ","Carton",0,300,300,0,300,"*","87 Units",0,"26,100","26,100",0,"26,100","**OWNER TOTALS: ","75 Units",0,"22,500","22,500",0,"22,500","Page -1 of 1","* Denotes Unavailable Units"
"INVENTORY DETAIL REPORTBilling Code :  CUS529Selected ProductsZero Balances SuppressedSort By Owner NameThen By Product DescriptionUnits By Unit ID","Date  :   08/23/2024","Time :    3:16PM(UTC-08:00) Pacific Time US & Canada","ProductVersion","ExpirationDate","Unit ID","Unit Locations","ContainerType","Number ofContainers","LoosePieces","On Hand","Marked","Available","Job 1: ","Owner :  CUS529 - Resideo","Unique ID :  36123","Product ID : ","WV8840C1605/P","Description: WATER HEATER GAS VALVE FOR RHEEM ",,,110223,"East * E03 * 19 * B2 ","Carton",0,300,300,0,300,"*","87 Units",0,"26,100","26,100",0,"26,100","**OWNER TOTALS: ","76 Units",0,"22,800","22,800",0,"22,800","Page -1 of 1","* Denotes Unavailable Units"
"INVENTORY DETAIL REPORTBilling Code :  CUS529Selected ProductsZero Balances SuppressedSort By Owner NameThen By Product DescriptionUnits By Unit ID","Date  :   08/23/2024","Time :    3:16PM(UTC-08:00) Pacific Time US & Canada","ProductVersion","ExpirationDate","Unit ID","Unit Locations","ContainerType","Number ofContainers","LoosePieces","On Hand","Marked","Available","Job 1: ","Owner :  CUS529 - Resideo","Unique ID :  36123","Product ID : ","WV8840C1605/P","Description: WATER HEATER GAS VALVE FOR RHEEM ",,,110329,"East * E06 * 14 * C1 ","Carton",0,300,300,0,300,"*","87 Units",0,"26,100","26,100",0,"26,100","**OWNER TOTALS: ","77 Units",0,"23,100","23,100",0,"23,100","Page -1 of 1","* Denotes Unavailable Units"
"INVENTORY DETAIL REPORTBilling Code :  CUS529Selected ProductsZero Balances SuppressedSort By Owner NameThen By Product DescriptionUnits By Unit ID","Date  :   08/23/2024","Time :    3:16PM(UTC-08:00) Pacific Time US & Canada","ProductVersion","ExpirationDate","Unit ID","Unit Locations","ContainerType","Number ofContainers","LoosePieces","On Hand","Marked","Available","Job 1: ","Owner :  CUS529 - Resideo","Unique ID :  36123","Product ID : ","WV8840C1605/P","Description: WATER HEATER GAS VALVE FOR RHEEM ",,,110330,"East * E06 * 12 * C1 ","Carton",0,300,300,0,300,"*","87 Units",0,"26,100","26,100",0,"26,100","**OWNER TOTALS: ","78 Units",0,"23,400","23,400",0,"23,400","Page -1 of 1","* Denotes Unavailable Units"
"INVENTORY DETAIL REPORTBilling Code :  CUS529Selected ProductsZero Balances SuppressedSort By Owner NameThen By Product DescriptionUnits By Unit ID","Date  :   08/23/2024","Time :    3:16PM(UTC-08:00) Pacific Time US & Canada","ProductVersion","ExpirationDate","Unit ID","Unit Locations","ContainerType","Number ofContainers","LoosePieces","On Hand","Marked","Available","Job 1: ","Owner :  CUS529 - Resideo","Unique ID :  36123","Product ID : ","WV8840C1605/P","Description: WATER HEATER GAS VALVE FOR RHEEM ",,,110331,"East * E06 * 05 * C1 ","Carton",0,300,300,0,300,"*","87 Units",0,"26,100","26,100",0,"26,100","**OWNER TOTALS: ","79 Units",0,"23,700","23,700",0,"23,700","Page -1 of 1","* Denotes Unavailable Units"
"INVENTORY DETAIL REPORTBilling Code :  CUS529Selected ProductsZero Balances SuppressedSort By Owner NameThen By Product DescriptionUnits By Unit ID","Date  :   08/23/2024","Time :    3:16PM(UTC-08:00) Pacific Time US & Canada","ProductVersion","ExpirationDate","Unit ID","Unit Locations","ContainerType","Number ofContainers","LoosePieces","On Hand","Marked","Available","Job 1: ","Owner :  CUS529 - Resideo","Unique ID :  36123","Product ID : ","WV8840C1605/P","Description: WATER HEATER GAS VALVE FOR RHEEM ",,,110332,"East * E06 * 04 * C1 ","Carton",0,300,300,0,300,"*","87 Units",0,"26,100","26,100",0,"26,100","**OWNER TOTALS: ","80 Units",0,"24,000","24,000",0,"24,000","Page -1 of 1","* Denotes Unavailable Units"
"INVENTORY DETAIL REPORTBilling Code :  CUS529Selected ProductsZero Balances SuppressedSort By Owner NameThen By Product DescriptionUnits By Unit ID","Date  :   08/23/2024","Time :    3:16PM(UTC-08:00) Pacific Time US & Canada","ProductVersion","ExpirationDate","Unit ID","Unit Locations","ContainerType","Number ofContainers","LoosePieces","On Hand","Marked","Available","Job 1: ","Owner :  CUS529 - Resideo","Unique ID :  36123","Product ID : ","WV8840C1605/P","Description: WATER HEATER GAS VALVE FOR RHEEM ",,,110333,"East * E06 * 03 * C1 ","Carton",0,300,300,0,300,"*","87 Units",0,"26,100","26,100",0,"26,100","**OWNER TOTALS: ","81 Units",0,"24,300","24,300",0,"24,300","Page -1 of 1","* Denotes Unavailable Units"
"INVENTORY DETAIL REPORTBilling Code :  CUS529Selected ProductsZero Balances SuppressedSort By Owner NameThen By Product DescriptionUnits By Unit ID","Date  :   08/23/2024","Time :    3:16PM(UTC-08:00) Pacific Time US & Canada","ProductVersion","ExpirationDate","Unit ID","Unit Locations","ContainerType","Number ofContainers","LoosePieces","On Hand","Marked","Available","Job 1: ","Owner :  CUS529 - Resideo","Unique ID :  36123","Product ID : ","WV8840C1605/P","Description: WATER HEATER GAS VALVE FOR RHEEM ",,,110334,"East * E06 * 19 * E1 ","Carton",0,300,300,0,300,"*","87 Units",0,"26,100","26,100",0,"26,100","**OWNER TOTALS: ","82 Units",0,"24,600","24,600",0,"24,600","Page -1 of 1","* Denotes Unavailable Units"
"INVENTORY DETAIL REPORTBilling Code :  CUS529Selected ProductsZero Balances SuppressedSort By Owner NameThen By Product DescriptionUnits By Unit ID","Date  :   08/23/2024","Time :    3:16PM(UTC-08:00) Pacific Time US & Canada","ProductVersion","ExpirationDate","Unit ID","Unit Locations","ContainerType","Number ofContainers","LoosePieces","On Hand","Marked","Available","Job 1: ","Owner :  CUS529 - Resideo","Unique ID :  36123","Product ID : ","WV8840C1605/P","Description: WATER HEATER GAS VALVE FOR RHEEM ",,,110335,"East * E06 * 13 * E2 ","Carton",0,300,300,0,300,"*","87 Units",0,"26,100","26,100",0,"26,100","**OWNER TOTALS: ","83 Units",0,"24,900","24,900",0,"24,900","Page -1 of 1","* Denotes Unavailable Units"
"INVENTORY DETAIL REPORTBilling Code :  CUS529Selected ProductsZero Balances SuppressedSort By Owner NameThen By Product DescriptionUnits By Unit ID","Date  :   08/23/2024","Time :    3:16PM(UTC-08:00) Pacific Time US & Canada","ProductVersion","ExpirationDate","Unit ID","Unit Locations","ContainerType","Number ofContainers","LoosePieces","On Hand","Marked","Available","Job 1: ","Owner :  CUS529 - Resideo","Unique ID :  36123","Product ID : ","WV8840C1605/P","Description: WATER HEATER GAS VALVE FOR RHEEM ",,,110336,"East * E06 * 13 * E1 ","Carton",0,300,300,0,300,"*","87 Units",0,"26,100","26,100",0,"26,100","**OWNER TOTALS: ","84 Units",0,"25,200","25,200",0,"25,200","Page -1 of 1","* Denotes Unavailable Units"
"INVENTORY DETAIL REPORTBilling Code :  CUS529Selected ProductsZero Balances SuppressedSort By Owner NameThen By Product DescriptionUnits By Unit ID","Date  :   08/23/2024","Time :    3:16PM(UTC-08:00) Pacific Time US & Canada","ProductVersion","ExpirationDate","Unit ID","Unit Locations","ContainerType","Number ofContainers","LoosePieces","On Hand","Marked","Available","Job 1: ","Owner :  CUS529 - Resideo","Unique ID :  36123","Product ID : ","WV8840C1605/P","Description: WATER HEATER GAS VALVE FOR RHEEM ",,,110337,"East * E06 * 12 * E2 ","Carton",0,300,300,0,300,"*","87 Units",0,"26,100","26,100",0,"26,100","**OWNER TOTALS: ","85 Units",0,"25,500","25,500",0,"25,500","Page -1 of 1","* Denotes Unavailable Units"
"INVENTORY DETAIL REPORTBilling Code :  CUS529Selected ProductsZero Balances SuppressedSort By Owner NameThen By Product DescriptionUnits By Unit ID","Date  :   08/23/2024","Time :    3:16PM(UTC-08:00) Pacific Time US & Canada","ProductVersion","ExpirationDate","Unit ID","Unit Locations","ContainerType","Number ofContainers","LoosePieces","On Hand","Marked","Available","Job 1: ","Owner :  CUS529 - Resideo","Unique ID :  36123","Product ID : ","WV8840C1605/P","Description: WATER HEATER GAS VALVE FOR RHEEM ",,,110338,"East * E04 * 12 * A4 ","Carton",0,300,300,0,300,"*","87 Units",0,"26,100","26,100",0,"26,100","**OWNER TOTALS: ","86 Units",0,"25,800","25,800",0,"25,800","Page -1 of 1","* Denotes Unavailable Units"
"INVENTORY DETAIL REPORTBilling Code :  CUS529Selected ProductsZero Balances SuppressedSort By Owner NameThen By Product DescriptionUnits By Unit ID","Date  :   08/23/2024","Time :    3:16PM(UTC-08:00) Pacific Time US & Canada","ProductVersion","ExpirationDate","Unit ID","Unit Locations","ContainerType","Number ofContainers","LoosePieces","On Hand","Marked","Available","Job 1: ","Owner :  CUS529 - Resideo","Unique ID :  36123","Product ID : ","WV8840C1605/P","Description: WATER HEATER GAS VALVE FOR RHEEM ",,,110339,"East * E03 * 46 * A4 ","Carton",0,300,300,0,300,"*","87 Units",0,"26,100","26,100",0,"26,100","**OWNER TOTALS: ","87 Units",0,"26,100","26,100",0,"26,100","Page -1 of 1","* Denotes Unavailable Units"
